Id,JP_Sales
1,0.02
2,0.02
3,0.02
4,0.02
5,0.02
6,0.02
7,0.02
8,0.02
9,0.02
10,0.02
11,0.02
12,0.02
13,0.02
14,0.02
15,0.02
16,0.02
17,0.02
18,0.02
19,0.02
20,0.02
21,0.02
22,0.02
23,0.02
24,0.02
25,0.02
26,0.02
27,0.02
28,0.02
29,0.02
30,0.02
31,0.02
32,0.02
33,0.02
34,0.02
35,0.02
36,0.02
37,0.02
38,0.02
39,0.02
40,0.02
41,0.02
42,0.02
43,0.02
44,0.02
45,0.02
46,0.02
47,0.02
48,0.02
49,0.02
50,0.02
51,0.02
52,0.02
53,0.02
54,0.02
55,0.02
56,0.02
57,0.02
58,0.02
59,0.02
60,0.02
61,0.02
62,0.02
63,0.02
64,0.02
65,0.02
66,0.02
67,0.02
68,0.02
69,0.02
70,0.02
71,0.02
72,0.02
73,0.02
74,0.02
75,0.02
76,0.02
77,0.02
78,0.02
79,0.02
80,0.02
81,0.02
82,0.02
83,0.02
84,0.02
85,0.02
86,0.02
87,0.02
88,0.02
89,0.02
90,0.02
91,0.02
92,0.02
93,0.02
94,0.02
95,0.02
96,0.02
97,0.02
98,0.02
99,0.02
100,0.02
101,0.02
102,0.02
103,0.02
104,0.02
105,0.02
106,0.02
107,0.02
108,0.02
109,0.02
110,0.02
111,0.02
112,0.02
113,0.02
114,0.02
115,0.02
116,0.02
117,0.02
118,0.02
119,0.02
120,0.02
121,0.02
122,0.02
123,0.02
124,0.02
125,0.02
126,0.02
127,0.02
128,0.02
129,0.02
130,0.02
131,0.02
132,0.02
133,0.02
134,0.02
135,0.02
136,0.02
137,0.02
138,0.02
139,0.02
140,0.02
141,0.02
142,0.02
143,0.02
144,0.02
145,0.02
146,0.02
147,0.02
148,0.02
149,0.02
150,0.02
151,0.02
152,0.02
153,0.02
154,0.02
155,0.02
156,0.02
157,0.02
158,0.02
159,0.02
160,0.02
161,0.02
162,0.02
163,0.02
164,0.02
165,0.02
166,0.02
167,0.02
168,0.02
169,0.02
170,0.02
171,0.02
172,0.02
173,0.02
174,0.02
175,0.02
176,0.02
177,0.02
178,0.02
179,0.02
180,0.02
181,0.02
182,0.02
183,0.02
184,0.02
185,0.02
186,0.02
187,0.02
188,0.02
189,0.02
190,0.02
191,0.02
192,0.02
193,0.02
194,0.02
195,0.02
196,0.02
197,0.02
198,0.02
199,0.02
200,0.02
201,0.02
202,0.02
203,0.02
204,0.02
205,0.02
206,0.02
207,0.02
208,0.02
209,0.02
210,0.02
211,0.02
212,0.02
213,0.02
214,0.02
215,0.02
216,0.02
217,0.02
218,0.02
219,0.02
220,0.02
221,0.02
222,0.02
223,0.02
224,0.02
225,0.02
226,0.02
227,0.02
228,0.02
229,0.02
230,0.02
231,0.02
232,0.02
233,0.02
234,0.02
235,0.02
236,0.02
237,0.02
238,0.02
239,0.02
240,0.02
241,0.02
242,0.02
243,0.02
244,0.02
245,0.02
246,0.02
247,0.02
248,0.02
249,0.02
250,0.02
251,0.02
252,0.02
253,0.02
254,0.02
255,0.02
256,0.02
257,0.02
258,0.02
259,0.02
260,0.02
261,0.02
262,0.02
263,0.02
264,0.02
265,0.02
266,0.02
267,0.02
268,0.02
269,0.02
270,0.02
271,0.02
272,0.02
273,0.02
274,0.02
275,0.02
276,0.02
277,0.02
278,0.02
279,0.02
280,0.02
281,0.02
282,0.02
283,0.02
284,0.02
285,0.02
286,0.02
287,0.02
288,0.02
289,0.02
290,0.02
291,0.02
292,0.02
293,0.02
294,0.02
295,0.02
296,0.02
297,0.02
298,0.02
299,0.02
300,0.02
301,0.02
302,0.02
303,0.02
304,0.02
305,0.02
306,0.02
307,0.02
308,0.02
309,0.02
310,0.02
311,0.02
312,0.02
313,0.02
314,0.02
315,0.02
316,0.02
317,0.02
318,0.02
319,0.02
320,0.02
321,0.02
322,0.02
323,0.02
324,0.02
325,0.02
326,0.02
327,0.02
328,0.02
329,0.02
330,0.02
331,0.02
332,0.02
333,0.02
334,0.02
335,0.02
336,0.02
337,0.02
338,0.02
339,0.02
340,0.02
341,0.02
342,0.02
343,0.02
344,0.02
345,0.02
346,0.02
347,0.02
348,0.02
349,0.02
350,0.02
351,0.02
352,0.02
353,0.02
354,0.02
355,0.02
356,0.02
357,0.02
358,0.02
359,0.02
360,0.02
361,0.02
362,0.02
363,0.02
364,0.02
365,0.02
366,0.02
367,0.02
368,0.02
369,0.02
370,0.02
371,0.02
372,0.02
373,0.02
374,0.02
375,0.02
376,0.02
377,0.02
378,0.02
379,0.02
380,0.02
381,0.02
382,0.02
383,0.02
384,0.02
385,0.02
386,0.02
387,0.02
388,0.02
389,0.02
390,0.02
391,0.02
392,0.02
393,0.02
394,0.02
395,0.02
396,0.02
397,0.02
398,0.02
399,0.02
400,0.02
401,0.02
402,0.02
403,0.02
404,0.02
405,0.02
406,0.02
407,0.02
408,0.02
409,0.02
410,0.02
411,0.02
412,0.02
413,0.02
414,0.02
415,0.02
416,0.02
417,0.02
418,0.02
419,0.02
420,0.02
421,0.02
422,0.02
423,0.02
424,0.02
425,0.02
426,0.02
427,0.02
428,0.02
429,0.02
430,0.02
431,0.02
432,0.02
433,0.02
434,0.02
435,0.02
436,0.02
437,0.02
438,0.02
439,0.02
440,0.02
441,0.02
442,0.02
443,0.02
444,0.02
445,0.02
446,0.02
447,0.02
448,0.02
449,0.02
450,0.02
451,0.02
452,0.02
453,0.02
454,0.02
455,0.02
456,0.02
457,0.02
458,0.02
459,0.02
460,0.02
461,0.02
462,0.02
463,0.02
464,0.02
465,0.02
466,0.02
467,0.02
468,0.02
469,0.02
470,0.02
471,0.02
472,0.02
473,0.02
474,0.02
475,0.02
476,0.02
477,0.02
478,0.02
479,0.02
480,0.02
481,0.02
482,0.02
483,0.02
484,0.02
485,0.02
486,0.02
487,0.02
488,0.02
489,0.02
490,0.02
491,0.02
492,0.02
493,0.02
494,0.02
495,0.02
496,0.02
497,0.02
498,0.02
499,0.02
500,0.02
501,0.02
502,0.02
503,0.02
504,0.02
505,0.02
506,0.02
507,0.02
508,0.02
509,0.02
510,0.02
511,0.02
512,0.02
513,0.02
514,0.02
515,0.02
516,0.02
517,0.02
518,0.02
519,0.02
520,0.02
521,0.02
522,0.02
523,0.02
524,0.02
525,0.02
526,0.02
527,0.02
528,0.02
529,0.02
530,0.02
531,0.02
532,0.02
533,0.02
534,0.02
535,0.02
536,0.02
537,0.02
538,0.02
539,0.02
540,0.02
541,0.02
542,0.02
543,0.02
544,0.02
545,0.02
546,0.02
547,0.02
548,0.02
549,0.02
550,0.02
551,0.02
552,0.02
553,0.02
554,0.02
555,0.02
556,0.02
557,0.02
558,0.02
559,0.02
560,0.02
561,0.02
562,0.02
563,0.02
564,0.02
565,0.02
566,0.02
567,0.02
568,0.02
569,0.02
570,0.02
571,0.02
572,0.02
573,0.02
574,0.02
575,0.02
576,0.02
577,0.02
578,0.02
579,0.02
580,0.02
581,0.02
582,0.02
583,0.02
584,0.02
585,0.02
586,0.02
587,0.02
588,0.02
589,0.02
590,0.02
591,0.02
592,0.02
593,0.02
594,0.02
595,0.02
596,0.02
597,0.02
598,0.02
599,0.02
600,0.02
601,0.02
602,0.02
603,0.02
604,0.02
605,0.02
606,0.02
607,0.02
608,0.02
609,0.02
610,0.02
611,0.02
612,0.02
613,0.02
614,0.02
615,0.02
616,0.02
617,0.02
618,0.02
619,0.02
620,0.02
621,0.02
622,0.02
623,0.02
624,0.02
625,0.02
626,0.02
627,0.02
628,0.02
629,0.02
630,0.02
631,0.02
632,0.02
633,0.02
634,0.02
635,0.02
636,0.02
637,0.02
638,0.02
639,0.02
640,0.02
641,0.02
642,0.02
643,0.02
644,0.02
645,0.02
646,0.02
647,0.02
648,0.02
649,0.02
650,0.02
651,0.02
652,0.02
653,0.02
654,0.02
655,0.02
656,0.02
657,0.02
658,0.02
659,0.02
660,0.02
661,0.02
662,0.02
663,0.02
664,0.02
665,0.02
666,0.02
667,0.02
668,0.02
669,0.02
670,0.02
671,0.02
672,0.02
673,0.02
674,0.02
675,0.02
676,0.02
677,0.02
678,0.02
679,0.02
680,0.02
681,0.02
682,0.02
683,0.02
684,0.02
685,0.02
686,0.02
687,0.02
688,0.02
689,0.02
690,0.02
691,0.02
692,0.02
693,0.02
694,0.02
695,0.02
696,0.02
697,0.02
698,0.02
699,0.02
700,0.02
701,0.02
702,0.02
703,0.02
704,0.02
705,0.02
706,0.02
707,0.02
708,0.02
709,0.02
710,0.02
711,0.02
712,0.02
713,0.02
714,0.02
715,0.02
716,0.02
717,0.02
718,0.02
719,0.02
720,0.02
721,0.02
722,0.02
723,0.02
724,0.02
725,0.02
726,0.02
727,0.02
728,0.02
729,0.02
730,0.02
731,0.02
732,0.02
733,0.02
734,0.02
735,0.02
736,0.02
737,0.02
738,0.02
739,0.02
740,0.02
741,0.02
742,0.02
743,0.02
744,0.02
745,0.02
746,0.02
747,0.02
748,0.02
749,0.02
750,0.02
751,0.02
752,0.02
753,0.02
754,0.02
755,0.02
756,0.02
757,0.02
758,0.02
759,0.02
760,0.02
761,0.02
762,0.02
763,0.02
764,0.02
765,0.02
766,0.02
767,0.02
768,0.02
769,0.02
770,0.02
771,0.02
772,0.02
773,0.02
774,0.02
775,0.02
776,0.02
777,0.02
778,0.02
779,0.02
780,0.02
781,0.02
782,0.02
783,0.02
784,0.02
785,0.02
786,0.02
787,0.02
788,0.02
789,0.02
790,0.02
791,0.02
792,0.02
793,0.02
794,0.02
795,0.02
796,0.02
797,0.02
798,0.02
799,0.02
800,0.02
801,0.02
802,0.02
803,0.02
804,0.02
805,0.02
806,0.02
807,0.02
808,0.02
809,0.02
810,0.02
811,0.02
812,0.02
813,0.02
814,0.02
815,0.02
816,0.02
817,0.02
818,0.02
819,0.02
820,0.02
821,0.02
822,0.02
823,0.02
824,0.02
825,0.02
826,0.02
827,0.02
828,0.02
829,0.02
830,0.02
831,0.02
832,0.02
833,0.02
834,0.02
835,0.02
836,0.02
837,0.02
838,0.02
839,0.02
840,0.02
841,0.02
842,0.02
843,0.02
844,0.02
845,0.02
846,0.02
847,0.02
848,0.02
849,0.02
850,0.02
851,0.02
852,0.02
853,0.02
854,0.02
855,0.02
856,0.02
857,0.02
858,0.02
859,0.02
860,0.02
861,0.02
862,0.02
863,0.02
864,0.02
865,0.02
866,0.02
867,0.02
868,0.02
869,0.02
870,0.02
871,0.02
872,0.02
873,0.02
874,0.02
875,0.02
876,0.02
877,0.02
878,0.02
879,0.02
880,0.02
881,0.02
882,0.02
883,0.02
884,0.02
885,0.02
886,0.02
887,0.02
888,0.02
889,0.02
890,0.02
891,0.02
892,0.02
893,0.02
894,0.02
895,0.02
896,0.02
897,0.02
898,0.02
899,0.02
900,0.02
901,0.02
902,0.02
903,0.02
904,0.02
905,0.02
906,0.02
907,0.02
908,0.02
909,0.02
910,0.02
911,0.02
912,0.02
913,0.02
914,0.02
915,0.02
916,0.02
917,0.02
918,0.02
919,0.02
920,0.02
921,0.02
922,0.02
923,0.02
924,0.02
925,0.02
926,0.02
927,0.02
928,0.02
929,0.02
930,0.02
931,0.02
932,0.02
933,0.02
934,0.02
935,0.02
936,0.02
937,0.02
938,0.02
939,0.02
940,0.02
941,0.02
942,0.02
943,0.02
944,0.02
945,0.02
946,0.02
947,0.02
948,0.02
949,0.02
950,0.02
951,0.02
952,0.02
953,0.02
954,0.02
955,0.02
956,0.02
957,0.02
958,0.02
959,0.02
960,0.02
961,0.02
962,0.02
963,0.02
964,0.02
965,0.02
966,0.02
967,0.02
968,0.02
969,0.02
970,0.02
971,0.02
972,0.02
973,0.02
974,0.02
975,0.02
976,0.02
977,0.02
978,0.02
979,0.02
980,0.02
981,0.02
982,0.02
983,0.02
984,0.02
985,0.02
986,0.02
987,0.02
988,0.02
989,0.02
990,0.02
991,0.02
992,0.02
993,0.02
994,0.02
995,0.02
996,0.02
997,0.02
998,0.02
999,0.02
1000,0.02
1001,0.02
1002,0.02
1003,0.02
1004,0.02
1005,0.02
1006,0.02
1007,0.02
1008,0.02
1009,0.02
1010,0.02
1011,0.02
1012,0.02
1013,0.02
1014,0.02
1015,0.02
1016,0.02
1017,0.02
1018,0.02
1019,0.02
1020,0.02
1021,0.02
1022,0.02
1023,0.02
1024,0.02
1025,0.02
1026,0.02
1027,0.02
1028,0.02
1029,0.02
1030,0.02
1031,0.02
1032,0.02
1033,0.02
1034,0.02
1035,0.02
1036,0.02
1037,0.02
1038,0.02
1039,0.02
1040,0.02
1041,0.02
1042,0.02
1043,0.02
1044,0.02
1045,0.02
1046,0.02
1047,0.02
1048,0.02
1049,0.02
1050,0.02
1051,0.02
1052,0.02
1053,0.02
1054,0.02
1055,0.02
1056,0.02
1057,0.02
1058,0.02
1059,0.02
1060,0.02
1061,0.02
1062,0.02
1063,0.02
1064,0.02
1065,0.02
1066,0.02
1067,0.02
1068,0.02
1069,0.02
1070,0.02
1071,0.02
1072,0.02
1073,0.02
1074,0.02
1075,0.02
1076,0.02
1077,0.02
1078,0.02
1079,0.02
1080,0.02
1081,0.02
1082,0.02
1083,0.02
1084,0.02
1085,0.02
1086,0.02
1087,0.02
1088,0.02
1089,0.02
1090,0.02
1091,0.02
1092,0.02
1093,0.02
1094,0.02
1095,0.02
1096,0.02
1097,0.02
1098,0.02
1099,0.02
1100,0.02
1101,0.02
1102,0.02
1103,0.02
1104,0.02
1105,0.02
1106,0.02
1107,0.02
1108,0.02
1109,0.02
1110,0.02
1111,0.02
1112,0.02
1113,0.02
1114,0.02
1115,0.02
1116,0.02
1117,0.02
1118,0.02
1119,0.02
1120,0.02
1121,0.02
1122,0.02
1123,0.02
1124,0.02
1125,0.02
1126,0.02
1127,0.02
1128,0.02
1129,0.02
1130,0.02
1131,0.02
1132,0.02
1133,0.02
1134,0.02
1135,0.02
1136,0.02
1137,0.02
1138,0.02
1139,0.02
1140,0.02
1141,0.02
1142,0.02
1143,0.02
1144,0.02
1145,0.02
1146,0.02
1147,0.02
1148,0.02
1149,0.02
1150,0.02
1151,0.02
1152,0.02
1153,0.02
1154,0.02
1155,0.02
1156,0.02
1157,0.02
1158,0.02
1159,0.02
1160,0.02
1161,0.02
1162,0.02
1163,0.02
1164,0.02
1165,0.02
1166,0.02
1167,0.02
1168,0.02
1169,0.02
1170,0.02
1171,0.02
1172,0.02
1173,0.02
1174,0.02
1175,0.02
1176,0.02
1177,0.02
1178,0.02
1179,0.02
1180,0.02
1181,0.02
1182,0.02
1183,0.02
1184,0.02
1185,0.02
1186,0.02
1187,0.02
1188,0.02
1189,0.02
1190,0.02
1191,0.02
1192,0.02
1193,0.02
1194,0.02
1195,0.02
1196,0.02
1197,0.02
1198,0.02
1199,0.02
1200,0.02
1201,0.02
1202,0.02
1203,0.02
1204,0.02
1205,0.02
1206,0.02
1207,0.02
1208,0.02
1209,0.02
1210,0.02
1211,0.02
1212,0.02
1213,0.02
1214,0.02
1215,0.02
1216,0.02
1217,0.02
1218,0.02
1219,0.02
1220,0.02
1221,0.02
1222,0.02
1223,0.02
1224,0.02
1225,0.02
1226,0.02
1227,0.02
1228,0.02
1229,0.02
1230,0.02
1231,0.02
1232,0.02
1233,0.02
1234,0.02
1235,0.02
1236,0.02
1237,0.02
1238,0.02
1239,0.02
1240,0.02
1241,0.02
1242,0.02
1243,0.02
1244,0.02
1245,0.02
1246,0.02
1247,0.02
1248,0.02
1249,0.02
1250,0.02
1251,0.02
1252,0.02
1253,0.02
1254,0.02
1255,0.02
1256,0.02
1257,0.02
1258,0.02
1259,0.02
1260,0.02
1261,0.02
1262,0.02
1263,0.02
1264,0.02
1265,0.02
1266,0.02
1267,0.02
1268,0.02
1269,0.02
1270,0.02
1271,0.02
1272,0.02
1273,0.02
1274,0.02
1275,0.02
1276,0.02
1277,0.02
1278,0.02
1279,0.02
1280,0.02
1281,0.02
1282,0.02
1283,0.02
1284,0.02
1285,0.02
1286,0.02
1287,0.02
1288,0.02
1289,0.02
1290,0.02
1291,0.02
1292,0.02
1293,0.02
1294,0.02
1295,0.02
1296,0.02
1297,0.02
1298,0.02
1299,0.02
1300,0.02
1301,0.02
1302,0.02
1303,0.02
1304,0.02
1305,0.02
1306,0.02
1307,0.02
1308,0.02
1309,0.02
1310,0.02
1311,0.02
1312,0.02
1313,0.02
1314,0.02
1315,0.02
1316,0.02
1317,0.02
1318,0.02
1319,0.02
1320,0.02
1321,0.02
1322,0.02
1323,0.02
1324,0.02
1325,0.02
1326,0.02
1327,0.02
1328,0.02
1329,0.02
1330,0.02
1331,0.02
1332,0.02
1333,0.02
1334,0.02
1335,0.02
1336,0.02
1337,0.02
1338,0.02
1339,0.02
1340,0.02
1341,0.02
1342,0.02
1343,0.02
1344,0.02
1345,0.02
1346,0.02
1347,0.02
1348,0.02
1349,0.02
1350,0.02
1351,0.02
1352,0.02
1353,0.02
1354,0.02
1355,0.02
1356,0.02
1357,0.02
1358,0.02
1359,0.02
1360,0.02
1361,0.02
1362,0.02
1363,0.02
1364,0.02
1365,0.02
1366,0.02
1367,0.02
1368,0.02
1369,0.02
1370,0.02
1371,0.02
1372,0.02
1373,0.02
1374,0.02
1375,0.02
1376,0.02
1377,0.02
1378,0.02
1379,0.02
1380,0.02
1381,0.02
1382,0.02
1383,0.02
1384,0.02
1385,0.02
1386,0.02
1387,0.02
1388,0.02
1389,0.02
1390,0.02
1391,0.02
1392,0.02
1393,0.02
1394,0.02
1395,0.02
1396,0.02
1397,0.02
1398,0.02
1399,0.02
1400,0.02
1401,0.02
1402,0.02
1403,0.02
1404,0.02
1405,0.02
1406,0.02
1407,0.02
1408,0.02
1409,0.02
1410,0.02
1411,0.02
1412,0.02
1413,0.02
1414,0.02
1415,0.02
1416,0.02
1417,0.02
1418,0.02
1419,0.02
1420,0.02
1421,0.02
1422,0.02
1423,0.02
1424,0.02
1425,0.02
1426,0.02
1427,0.02
1428,0.02
1429,0.02
1430,0.02
1431,0.02
1432,0.02
1433,0.02
1434,0.02
1435,0.02
1436,0.02
1437,0.02
1438,0.02
1439,0.02
1440,0.02
1441,0.02
1442,0.02
1443,0.02
1444,0.02
1445,0.02
1446,0.02
1447,0.02
1448,0.02
1449,0.02
1450,0.02
1451,0.02
1452,0.02
1453,0.02
1454,0.02
1455,0.02
1456,0.02
1457,0.02
1458,0.02
1459,0.02
1460,0.02
1461,0.02
1462,0.02
1463,0.02
1464,0.02
1465,0.02
1466,0.02
1467,0.02
1468,0.02
1469,0.02
1470,0.02
1471,0.02
1472,0.02
1473,0.02
1474,0.02
1475,0.02
1476,0.02
1477,0.02
1478,0.02
1479,0.02
1480,0.02
1481,0.02
1482,0.02
1483,0.02
1484,0.02
1485,0.02
1486,0.02
1487,0.02
1488,0.02
1489,0.02
1490,0.02
1491,0.02
1492,0.02
1493,0.02
1494,0.02
1495,0.02
1496,0.02
1497,0.02
1498,0.02
1499,0.02
1500,0.02
1501,0.02
1502,0.02
1503,0.02
1504,0.02
1505,0.02
1506,0.02
1507,0.02
1508,0.02
1509,0.02
1510,0.02
1511,0.02
1512,0.02
1513,0.02
1514,0.02
1515,0.02
1516,0.02
1517,0.02
1518,0.02
1519,0.02
1520,0.02
1521,0.02
1522,0.02
1523,0.02
1524,0.02
1525,0.02
1526,0.02
1527,0.02
1528,0.02
1529,0.02
1530,0.02
1531,0.02
1532,0.02
1533,0.02
1534,0.02
1535,0.02
1536,0.02
1537,0.02
1538,0.02
1539,0.02
1540,0.02
1541,0.02
1542,0.02
1543,0.02
1544,0.02
1545,0.02
1546,0.02
1547,0.02
1548,0.02
1549,0.02
1550,0.02
1551,0.02
1552,0.02
1553,0.02
1554,0.02
1555,0.02
1556,0.02
1557,0.02
1558,0.02
1559,0.02
1560,0.02
1561,0.02
1562,0.02
1563,0.02
1564,0.02
1565,0.02
1566,0.02
1567,0.02
1568,0.02
1569,0.02
1570,0.02
1571,0.02
1572,0.02
1573,0.02
1574,0.02
1575,0.02
1576,0.02
1577,0.02
1578,0.02
1579,0.02
1580,0.02
1581,0.02
1582,0.02
1583,0.02
1584,0.02
1585,0.02
1586,0.02
1587,0.02
1588,0.02
1589,0.02
1590,0.02
1591,0.02
1592,0.02
1593,0.02
1594,0.02
1595,0.02
1596,0.02
1597,0.02
1598,0.02
1599,0.02
1600,0.02
1601,0.02
1602,0.02
1603,0.02
1604,0.02
1605,0.02
1606,0.02
1607,0.02
1608,0.02
1609,0.02
1610,0.02
1611,0.02
1612,0.02
1613,0.02
1614,0.02
1615,0.02
1616,0.02
1617,0.02
1618,0.02
1619,0.02
1620,0.02
1621,0.02
1622,0.02
1623,0.02
1624,0.02
1625,0.02
1626,0.02
1627,0.02
1628,0.02
1629,0.02
1630,0.02
1631,0.02
1632,0.02
1633,0.02
1634,0.02
1635,0.02
1636,0.02
1637,0.02
1638,0.02
1639,0.02
1640,0.02
1641,0.02
1642,0.02
1643,0.02
1644,0.02
1645,0.02
1646,0.02
1647,0.02
1648,0.02
1649,0.02
1650,0.02
1651,0.02
1652,0.02
1653,0.02
1654,0.02
1655,0.02
1656,0.02
1657,0.02
1658,0.02
1659,0.02
1660,0.02
1661,0.02
1662,0.02
1663,0.02
1664,0.02
1665,0.02
1666,0.02
1667,0.02
1668,0.02
1669,0.02
1670,0.02
1671,0.02
1672,0.02
1673,0.02
1674,0.02
1675,0.02
1676,0.02
1677,0.02
1678,0.02
1679,0.02
1680,0.02
1681,0.02
1682,0.02
1683,0.02
1684,0.02
1685,0.02
1686,0.02
1687,0.02
1688,0.02
1689,0.02
1690,0.02
1691,0.02
1692,0.02
1693,0.02
1694,0.02
1695,0.02
1696,0.02
1697,0.02
1698,0.02
1699,0.02
1700,0.02
1701,0.02
1702,0.02
1703,0.02
1704,0.02
1705,0.02
1706,0.02
1707,0.02
1708,0.02
1709,0.02
1710,0.02
1711,0.02
1712,0.02
1713,0.02
1714,0.02
1715,0.02
1716,0.02
1717,0.02
1718,0.02
1719,0.02
1720,0.02
1721,0.02
1722,0.02
1723,0.02
1724,0.02
1725,0.02
1726,0.02
1727,0.02
1728,0.02
1729,0.02
1730,0.02
1731,0.02
1732,0.02
1733,0.02
1734,0.02
1735,0.02
1736,0.02
1737,0.02
1738,0.02
1739,0.02
1740,0.02
1741,0.02
1742,0.02
1743,0.02
1744,0.02
1745,0.02
1746,0.02
1747,0.02
1748,0.02
1749,0.02
1750,0.02
1751,0.02
1752,0.02
1753,0.02
1754,0.02
1755,0.02
1756,0.02
1757,0.02
1758,0.02
1759,0.02
1760,0.02
1761,0.02
1762,0.02
1763,0.02
1764,0.02
1765,0.02
1766,0.02
1767,0.02
1768,0.02
1769,0.02
1770,0.02
1771,0.02
1772,0.02
1773,0.02
1774,0.02
1775,0.02
1776,0.02
1777,0.02
1778,0.02
1779,0.02
1780,0.02
1781,0.02
1782,0.02
1783,0.02
1784,0.02
1785,0.02
1786,0.02
1787,0.02
1788,0.02
1789,0.02
1790,0.02
1791,0.02
1792,0.02
1793,0.02
1794,0.02
1795,0.02
1796,0.02
1797,0.02
1798,0.02
1799,0.02
1800,0.02
1801,0.02
1802,0.02
1803,0.02
1804,0.02
1805,0.02
1806,0.02
1807,0.02
1808,0.02
1809,0.02
1810,0.02
1811,0.02
1812,0.02
1813,0.02
1814,0.02
1815,0.02
1816,0.02
1817,0.02
1818,0.02
1819,0.02
1820,0.02
1821,0.02
1822,0.02
1823,0.02
1824,0.02
1825,0.02
1826,0.02
1827,0.02
1828,0.02
1829,0.02
1830,0.02
1831,0.02
1832,0.02
1833,0.02
1834,0.02
1835,0.02
1836,0.02
1837,0.02
1838,0.02
1839,0.02
1840,0.02
1841,0.02
1842,0.02
1843,0.02
1844,0.02
1845,0.02
1846,0.02
1847,0.02
1848,0.02
1849,0.02
1850,0.02
1851,0.02
1852,0.02
1853,0.02
1854,0.02
1855,0.02
1856,0.02
1857,0.02
1858,0.02
1859,0.02
1860,0.02
1861,0.02
1862,0.02
1863,0.02
1864,0.02
1865,0.02
1866,0.02
1867,0.02
1868,0.02
1869,0.02
1870,0.02
1871,0.02
1872,0.02
1873,0.02
1874,0.02
1875,0.02
1876,0.02
1877,0.02
1878,0.02
1879,0.02
1880,0.02
1881,0.02
1882,0.02
1883,0.02
1884,0.02
1885,0.02
1886,0.02
1887,0.02
1888,0.02
1889,0.02
1890,0.02
1891,0.02
1892,0.02
1893,0.02
1894,0.02
1895,0.02
1896,0.02
1897,0.02
1898,0.02
1899,0.02
1900,0.02
1901,0.02
1902,0.02
1903,0.02
1904,0.02
1905,0.02
1906,0.02
1907,0.02
1908,0.02
1909,0.02
1910,0.02
1911,0.02
1912,0.02
1913,0.02
1914,0.02
1915,0.02
1916,0.02
1917,0.02
1918,0.02
1919,0.02
1920,0.02
1921,0.02
1922,0.02
1923,0.02
1924,0.02
1925,0.02
1926,0.02
1927,0.02
1928,0.02
1929,0.02
1930,0.02
1931,0.02
1932,0.02
1933,0.02
1934,0.02
1935,0.02
1936,0.02
1937,0.02
1938,0.02
1939,0.02
1940,0.02
1941,0.02
1942,0.02
1943,0.02
1944,0.02
1945,0.02
1946,0.02
1947,0.02
1948,0.02
1949,0.02
1950,0.02
1951,0.02
1952,0.02
1953,0.02
1954,0.02
1955,0.02
1956,0.02
1957,0.02
1958,0.02
1959,0.02
1960,0.02
1961,0.02
1962,0.02
1963,0.02
1964,0.02
1965,0.02
1966,0.02
1967,0.02
1968,0.02
1969,0.02
1970,0.02
1971,0.02
1972,0.02
1973,0.02
1974,0.02
1975,0.02
1976,0.02
1977,0.02
1978,0.02
1979,0.02
1980,0.02
1981,0.02
1982,0.02
1983,0.02
1984,0.02
1985,0.02
1986,0.02
1987,0.02
1988,0.02
1989,0.02
1990,0.02
1991,0.02
1992,0.02
1993,0.02
1994,0.02
1995,0.02
1996,0.02
1997,0.02
1998,0.02
1999,0.02
2000,0.02
2001,0.02
2002,0.02
2003,0.02
2004,0.02
2005,0.02
2006,0.02
2007,0.02
2008,0.02
2009,0.02
2010,0.02
2011,0.02
2012,0.02
2013,0.02
2014,0.02
2015,0.02
2016,0.02
2017,0.02
2018,0.02
2019,0.02
2020,0.02
2021,0.02
2022,0.02
2023,0.02
2024,0.02
2025,0.02
2026,0.02
2027,0.02
2028,0.02
2029,0.02
2030,0.02
2031,0.02
2032,0.02
2033,0.02
2034,0.02
2035,0.02
2036,0.02
2037,0.02
2038,0.02
2039,0.02
2040,0.02
2041,0.02
2042,0.02
2043,0.02
2044,0.02
2045,0.02
2046,0.02
2047,0.02
2048,0.02
2049,0.02
2050,0.02
2051,0.02
2052,0.02
2053,0.02
2054,0.02
2055,0.02
2056,0.02
2057,0.02
2058,0.02
2059,0.02
2060,0.02
2061,0.02
2062,0.02
2063,0.02
2064,0.02
2065,0.02
2066,0.02
2067,0.02
2068,0.02
2069,0.02
2070,0.02
2071,0.02
2072,0.02
2073,0.02
2074,0.02
2075,0.02
2076,0.02
2077,0.02
2078,0.02
2079,0.02
2080,0.02
2081,0.02
2082,0.02
2083,0.02
2084,0.02
2085,0.02
2086,0.02
2087,0.02
2088,0.02
2089,0.02
2090,0.02
2091,0.02
2092,0.02
2093,0.02
2094,0.02
2095,0.02
2096,0.02
2097,0.02
2098,0.02
2099,0.02
2100,0.02
2101,0.02
2102,0.02
2103,0.02
2104,0.02
2105,0.02
2106,0.02
2107,0.02
2108,0.02
2109,0.02
2110,0.02
2111,0.02
2112,0.02
2113,0.02
2114,0.02
2115,0.02
2116,0.02
2117,0.02
2118,0.02
2119,0.02
2120,0.02
2121,0.02
2122,0.02
2123,0.02
2124,0.02
2125,0.02
2126,0.02
2127,0.02
2128,0.02
2129,0.02
2130,0.02
2131,0.02
2132,0.02
2133,0.02
2134,0.02
2135,0.02
2136,0.02
2137,0.02
2138,0.02
2139,0.02
2140,0.02
2141,0.02
2142,0.02
2143,0.02
2144,0.02
2145,0.02
2146,0.02
2147,0.02
2148,0.02
2149,0.02
2150,0.02
2151,0.02
2152,0.02
2153,0.02
2154,0.02
2155,0.02
2156,0.02
2157,0.02
2158,0.02
2159,0.02
2160,0.02
2161,0.02
2162,0.02
2163,0.02
2164,0.02
2165,0.02
2166,0.02
2167,0.02
2168,0.02
2169,0.02
2170,0.02
2171,0.02
2172,0.02
2173,0.02
2174,0.02
2175,0.02
2176,0.02
2177,0.02
2178,0.02
2179,0.02
2180,0.02
2181,0.02
2182,0.02
2183,0.02
2184,0.02
2185,0.02
2186,0.02
2187,0.02
2188,0.02
2189,0.02
2190,0.02
2191,0.02
2192,0.02
2193,0.02
2194,0.02
2195,0.02
2196,0.02
2197,0.02
2198,0.02
2199,0.02
2200,0.02
2201,0.02
2202,0.02
2203,0.02
2204,0.02
2205,0.02
2206,0.02
2207,0.02
2208,0.02
2209,0.02
2210,0.02
2211,0.02
2212,0.02
2213,0.02
2214,0.02
2215,0.02
2216,0.02
2217,0.02
2218,0.02
2219,0.02
2220,0.02
2221,0.02
2222,0.02
2223,0.02
2224,0.02
2225,0.02
2226,0.02
2227,0.02
2228,0.02
2229,0.02
2230,0.02
2231,0.02
2232,0.02
2233,0.02
2234,0.02
2235,0.02
2236,0.02
2237,0.02
2238,0.02
2239,0.02
2240,0.02
2241,0.02
2242,0.02
2243,0.02
2244,0.02
2245,0.02
2246,0.02
2247,0.02
2248,0.02
2249,0.02
2250,0.02
2251,0.02
2252,0.02
2253,0.02
2254,0.02
2255,0.02
2256,0.02
2257,0.02
2258,0.02
2259,0.02
2260,0.02
2261,0.02
2262,0.02
2263,0.02
2264,0.02
2265,0.02
2266,0.02
2267,0.02
2268,0.02
2269,0.02
2270,0.02
2271,0.02
2272,0.02
2273,0.02
2274,0.02
2275,0.02
2276,0.02
2277,0.02
2278,0.02
2279,0.02
2280,0.02
2281,0.02
2282,0.02
2283,0.02
2284,0.02
2285,0.02
2286,0.02
2287,0.02
2288,0.02
2289,0.02
2290,0.02
2291,0.02
2292,0.02
2293,0.02
2294,0.02
2295,0.02
2296,0.02
2297,0.02
2298,0.02
2299,0.02
2300,0.02
2301,0.02
2302,0.02
2303,0.02
2304,0.02
2305,0.02
2306,0.02
2307,0.02
2308,0.02
2309,0.02
2310,0.02
2311,0.02
2312,0.02
2313,0.02
2314,0.02
2315,0.02
2316,0.02
2317,0.02
2318,0.02
2319,0.02
2320,0.02
2321,0.02
2322,0.02
2323,0.02
2324,0.02
2325,0.02
2326,0.02
2327,0.02
2328,0.02
2329,0.02
2330,0.02
2331,0.02
2332,0.02
2333,0.02
2334,0.02
2335,0.02
2336,0.02
2337,0.02
2338,0.02
2339,0.02
2340,0.02
2341,0.02
2342,0.02
2343,0.02
2344,0.02
2345,0.02
2346,0.02
2347,0.02
2348,0.02
2349,0.02
2350,0.02
2351,0.02
2352,0.02
2353,0.02
2354,0.02
2355,0.02
2356,0.02
2357,0.02
2358,0.02
2359,0.02
2360,0.02
2361,0.02
2362,0.02
2363,0.02
2364,0.02
2365,0.02
2366,0.02
2367,0.02
2368,0.02
2369,0.02
2370,0.02
2371,0.02
2372,0.02
2373,0.02
2374,0.02
2375,0.02
2376,0.02
2377,0.02
2378,0.02
2379,0.02
2380,0.02
2381,0.02
2382,0.02
2383,0.02
2384,0.02
2385,0.02
2386,0.02
2387,0.02
2388,0.02
2389,0.02
2390,0.02
2391,0.02
2392,0.02
2393,0.02
2394,0.02
2395,0.02
2396,0.02
2397,0.02
2398,0.02
2399,0.02
2400,0.02
2401,0.02
2402,0.02
2403,0.02
2404,0.02
2405,0.02
2406,0.02
2407,0.02
2408,0.02
2409,0.02
2410,0.02
2411,0.02
2412,0.02
2413,0.02
2414,0.02
2415,0.02
2416,0.02
2417,0.02
2418,0.02
2419,0.02
2420,0.02
2421,0.02
2422,0.02
2423,0.02
2424,0.02
2425,0.02
2426,0.02
2427,0.02
2428,0.02
2429,0.02
2430,0.02
2431,0.02
2432,0.02
2433,0.02
2434,0.02
2435,0.02
2436,0.02
2437,0.02
2438,0.02
2439,0.02
2440,0.02
2441,0.02
2442,0.02
2443,0.02
2444,0.02
2445,0.02
2446,0.02
2447,0.02
2448,0.02
2449,0.02
2450,0.02
2451,0.02
2452,0.02
2453,0.02
2454,0.02
2455,0.02
2456,0.02
2457,0.02
2458,0.02
2459,0.02
2460,0.02
2461,0.02
2462,0.02
2463,0.02
2464,0.02
2465,0.02
2466,0.02
2467,0.02
2468,0.02
2469,0.02
2470,0.02
2471,0.02
2472,0.02
2473,0.02
2474,0.02
2475,0.02
2476,0.02
2477,0.02
2478,0.02
2479,0.02
2480,0.02
2481,0.02
2482,0.02
2483,0.02
2484,0.02
2485,0.02
2486,0.02
2487,0.02
2488,0.02
2489,0.02
2490,0.02
2491,0.02
2492,0.02
2493,0.02
2494,0.02
2495,0.02
2496,0.02
2497,0.02
2498,0.02
2499,0.02
2500,0.02
2501,0.02
2502,0.02
2503,0.02
2504,0.02
2505,0.02
2506,0.02
2507,0.02
2508,0.02
2509,0.02
2510,0.02
2511,0.02
2512,0.02
2513,0.02
2514,0.02
2515,0.02
2516,0.02
2517,0.02
2518,0.02
2519,0.02
2520,0.02
2521,0.02
2522,0.02
2523,0.02
2524,0.02
2525,0.02
2526,0.02
2527,0.02
2528,0.02
2529,0.02
2530,0.02
2531,0.02
2532,0.02
2533,0.02
2534,0.02
2535,0.02
2536,0.02
2537,0.02
2538,0.02
2539,0.02
2540,0.02
2541,0.02
2542,0.02
2543,0.02
2544,0.02
2545,0.02
2546,0.02
2547,0.02
2548,0.02
2549,0.02
2550,0.02
2551,0.02
2552,0.02
2553,0.02
2554,0.02
2555,0.02
2556,0.02
2557,0.02
2558,0.02
2559,0.02
2560,0.02
2561,0.02
2562,0.02
2563,0.02
2564,0.02
2565,0.02
2566,0.02
2567,0.02
2568,0.02
2569,0.02
2570,0.02
2571,0.02
2572,0.02
2573,0.02
2574,0.02
2575,0.02
2576,0.02
2577,0.02
2578,0.02
2579,0.02
2580,0.02
2581,0.02
2582,0.02
2583,0.02
2584,0.02
2585,0.02
2586,0.02
2587,0.02
2588,0.02
2589,0.02
2590,0.02
2591,0.02
2592,0.02
2593,0.02
2594,0.02
2595,0.02
2596,0.02
2597,0.02
2598,0.02
2599,0.02
2600,0.02
2601,0.02
2602,0.02
2603,0.02
2604,0.02
2605,0.02
2606,0.02
2607,0.02
2608,0.02
2609,0.02
2610,0.02
2611,0.02
2612,0.02
2613,0.02
2614,0.02
2615,0.02
2616,0.02
2617,0.02
2618,0.02
2619,0.02
2620,0.02
2621,0.02
2622,0.02
2623,0.02
2624,0.02
2625,0.02
2626,0.02
2627,0.02
2628,0.02
2629,0.02
2630,0.02
2631,0.02
2632,0.02
2633,0.02
2634,0.02
2635,0.02
2636,0.02
2637,0.02
2638,0.02
2639,0.02
2640,0.02
2641,0.02
2642,0.02
2643,0.02
2644,0.02
2645,0.02
2646,0.02
2647,0.02
2648,0.02
2649,0.02
2650,0.02
2651,0.02
2652,0.02
2653,0.02
2654,0.02
2655,0.02
2656,0.02
2657,0.02
2658,0.02
2659,0.02
2660,0.02
2661,0.02
2662,0.02
2663,0.02
2664,0.02
2665,0.02
2666,0.02
2667,0.02
2668,0.02
2669,0.02
2670,0.02
2671,0.02
2672,0.02
2673,0.02
2674,0.02
2675,0.02
2676,0.02
2677,0.02
2678,0.02
2679,0.02
2680,0.02
2681,0.02
2682,0.02
2683,0.02
2684,0.02
2685,0.02
2686,0.02
2687,0.02
2688,0.02
2689,0.02
2690,0.02
2691,0.02
2692,0.02
2693,0.02
2694,0.02
2695,0.02
2696,0.02
2697,0.02
2698,0.02
2699,0.02
2700,0.02
2701,0.02
2702,0.02
2703,0.02
2704,0.02
2705,0.02
2706,0.02
2707,0.02
2708,0.02
2709,0.02
2710,0.02
2711,0.02
2712,0.02
2713,0.02
2714,0.02
2715,0.02
2716,0.02
2717,0.02
2718,0.02
2719,0.02
2720,0.02
2721,0.02
2722,0.02
2723,0.02
2724,0.02
2725,0.02
2726,0.02
2727,0.02
2728,0.02
2729,0.02
2730,0.02
2731,0.02
2732,0.02
2733,0.02
2734,0.02
2735,0.02
2736,0.02
2737,0.02
2738,0.02
2739,0.02
2740,0.02
2741,0.02
2742,0.02
2743,0.02
2744,0.02
2745,0.02
2746,0.02
2747,0.02
2748,0.02
2749,0.02
2750,0.02
2751,0.02
2752,0.02
2753,0.02
2754,0.02
2755,0.02
2756,0.02
2757,0.02
2758,0.02
2759,0.02
2760,0.02
2761,0.02
2762,0.02
2763,0.02
2764,0.02
2765,0.02
2766,0.02
2767,0.02
2768,0.02
2769,0.02
2770,0.02
2771,0.02
2772,0.02
2773,0.02
2774,0.02
2775,0.02
2776,0.02
2777,0.02
2778,0.02
2779,0.02
2780,0.02
2781,0.02
2782,0.02
2783,0.02
2784,0.02
2785,0.02
2786,0.02
2787,0.02
2788,0.02
2789,0.02
2790,0.02
2791,0.02
2792,0.02
2793,0.02
2794,0.02
2795,0.02
2796,0.02
2797,0.02
2798,0.02
2799,0.02
2800,0.02
2801,0.02
2802,0.02
2803,0.02
2804,0.02
2805,0.02
2806,0.02
2807,0.02
2808,0.02
2809,0.02
2810,0.02
2811,0.02
2812,0.02
2813,0.02
2814,0.02
2815,0.02
2816,0.02
2817,0.02
2818,0.02
2819,0.02
2820,0.02
2821,0.02
2822,0.02
2823,0.02
2824,0.02
2825,0.02
2826,0.02
2827,0.02
2828,0.02
2829,0.02
2830,0.02
2831,0.02
2832,0.02
2833,0.02
2834,0.02
2835,0.02
2836,0.02
2837,0.02
2838,0.02
2839,0.02
2840,0.02
2841,0.02
2842,0.02
2843,0.02
2844,0.02
2845,0.02
2846,0.02
2847,0.02
2848,0.02
2849,0.02
2850,0.02
2851,0.02
2852,0.02
2853,0.02
2854,0.02
2855,0.02
2856,0.02
2857,0.02
2858,0.02
2859,0.02
2860,0.02
2861,0.02
2862,0.02
2863,0.02
2864,0.02
2865,0.02
2866,0.02
2867,0.02
2868,0.02
2869,0.02
2870,0.02
2871,0.02
2872,0.02
2873,0.02
2874,0.02
2875,0.02
2876,0.02
2877,0.02
2878,0.02
2879,0.02
2880,0.02
2881,0.02
2882,0.02
2883,0.02
2884,0.02
2885,0.02
2886,0.02
2887,0.02
2888,0.02
2889,0.02
2890,0.02
2891,0.02
2892,0.02
2893,0.02
2894,0.02
2895,0.02
2896,0.02
2897,0.02
2898,0.02
2899,0.02
2900,0.02
2901,0.02
2902,0.02
2903,0.02
2904,0.02
2905,0.02
2906,0.02
2907,0.02
2908,0.02
2909,0.02
2910,0.02
2911,0.02
2912,0.02
2913,0.02
2914,0.02
2915,0.02
2916,0.02
2917,0.02
2918,0.02
2919,0.02
2920,0.02
2921,0.02
2922,0.02
2923,0.02
2924,0.02
2925,0.02
2926,0.02
2927,0.02
2928,0.02
2929,0.02
2930,0.02
2931,0.02
2932,0.02
2933,0.02
2934,0.02
2935,0.02
2936,0.02
2937,0.02
2938,0.02
2939,0.02
2940,0.02
2941,0.02
2942,0.02
2943,0.02
2944,0.02
2945,0.02
2946,0.02
2947,0.02
2948,0.02
2949,0.02
2950,0.02
2951,0.02
2952,0.02
2953,0.02
2954,0.02
2955,0.02
2956,0.02
2957,0.02
2958,0.02
2959,0.02
2960,0.02
2961,0.02
2962,0.02
2963,0.02
2964,0.02
2965,0.02
2966,0.02
2967,0.02
2968,0.02
2969,0.02
2970,0.02
2971,0.02
2972,0.02
2973,0.02
2974,0.02
2975,0.02
2976,0.02
2977,0.02
2978,0.02
2979,0.02
2980,0.02
2981,0.02
2982,0.02
2983,0.02
2984,0.02
2985,0.02
2986,0.02
2987,0.02
2988,0.02
2989,0.02
2990,0.02
2991,0.02
2992,0.02
2993,0.02
2994,0.02
2995,0.02
2996,0.02
2997,0.02
2998,0.02
2999,0.02
3000,0.02
3001,0.02
3002,0.02
3003,0.02
3004,0.02
3005,0.02
3006,0.02
3007,0.02
3008,0.02
3009,0.02
3010,0.02
3011,0.02
3012,0.02
3013,0.02
3014,0.02
3015,0.02
3016,0.02
3017,0.02
3018,0.02
3019,0.02
3020,0.02
3021,0.02
3022,0.02
3023,0.02
3024,0.02
3025,0.02
3026,0.02
3027,0.02
3028,0.02
3029,0.02
3030,0.02
3031,0.02
3032,0.02
3033,0.02
3034,0.02
3035,0.02
3036,0.02
3037,0.02
3038,0.02
3039,0.02
3040,0.02
3041,0.02
3042,0.02
3043,0.02
3044,0.02
3045,0.02
3046,0.02
3047,0.02
3048,0.02
3049,0.02
3050,0.02
3051,0.02
3052,0.02
3053,0.02
3054,0.02
3055,0.02
3056,0.02
3057,0.02
3058,0.02
3059,0.02
3060,0.02
3061,0.02
3062,0.02
3063,0.02
3064,0.02
3065,0.02
3066,0.02
3067,0.02
3068,0.02
3069,0.02
3070,0.02
3071,0.02
3072,0.02
3073,0.02
3074,0.02
3075,0.02
3076,0.02
3077,0.02
3078,0.02
3079,0.02
3080,0.02
3081,0.02
3082,0.02
3083,0.02
3084,0.02
3085,0.02
3086,0.02
3087,0.02
3088,0.02
3089,0.02
3090,0.02
3091,0.02
3092,0.02
3093,0.02
3094,0.02
3095,0.02
3096,0.02
3097,0.02
3098,0.02
3099,0.02
3100,0.02
3101,0.02
3102,0.02
3103,0.02
3104,0.02
3105,0.02
3106,0.02
3107,0.02
3108,0.02
3109,0.02
3110,0.02
3111,0.02
3112,0.02
3113,0.02
3114,0.02
3115,0.02
3116,0.02
3117,0.02
3118,0.02
3119,0.02
3120,0.02
3121,0.02
3122,0.02
3123,0.02
3124,0.02
3125,0.02
3126,0.02
3127,0.02
3128,0.02
3129,0.02
3130,0.02
3131,0.02
3132,0.02
3133,0.02
3134,0.02
3135,0.02
3136,0.02
3137,0.02
3138,0.02
3139,0.02
3140,0.02
3141,0.02
3142,0.02
3143,0.02
3144,0.02
3145,0.02
3146,0.02
3147,0.02
3148,0.02
3149,0.02
3150,0.02
3151,0.02
3152,0.02
3153,0.02
3154,0.02
3155,0.02
3156,0.02
3157,0.02
3158,0.02
3159,0.02
3160,0.02
3161,0.02
3162,0.02
3163,0.02
3164,0.02
3165,0.02
3166,0.02
3167,0.02
3168,0.02
3169,0.02
3170,0.02
3171,0.02
3172,0.02
3173,0.02
3174,0.02
3175,0.02
3176,0.02
3177,0.02
3178,0.02
3179,0.02
3180,0.02
3181,0.02
3182,0.02
3183,0.02
3184,0.02
3185,0.02
3186,0.02
3187,0.02
3188,0.02
3189,0.02
3190,0.02
3191,0.02
3192,0.02
3193,0.02
3194,0.02
3195,0.02
3196,0.02
3197,0.02
3198,0.02
3199,0.02
3200,0.02
3201,0.02
3202,0.02
3203,0.02
3204,0.02
3205,0.02
3206,0.02
3207,0.02
3208,0.02
3209,0.02
3210,0.02
3211,0.02
3212,0.02
3213,0.02
3214,0.02
3215,0.02
3216,0.02
3217,0.02
3218,0.02
3219,0.02
3220,0.02
3221,0.02
3222,0.02
3223,0.02
3224,0.02
3225,0.02
3226,0.02
3227,0.02
3228,0.02
3229,0.02
3230,0.02
3231,0.02
3232,0.02
3233,0.02
3234,0.02
3235,0.02
3236,0.02
3237,0.02
3238,0.02
3239,0.02
3240,0.02
3241,0.02
3242,0.02
3243,0.02
3244,0.02
3245,0.02
3246,0.02
3247,0.02
3248,0.02
3249,0.02
3250,0.02
3251,0.02
3252,0.02
3253,0.02
3254,0.02
3255,0.02
3256,0.02
3257,0.02
3258,0.02
3259,0.02
3260,0.02
3261,0.02
3262,0.02
3263,0.02
3264,0.02
3265,0.02
3266,0.02
3267,0.02
3268,0.02
3269,0.02
3270,0.02
3271,0.02
3272,0.02
3273,0.02
3274,0.02
3275,0.02
3276,0.02
3277,0.02
3278,0.02
3279,0.02
3280,0.02
3281,0.02
3282,0.02
3283,0.02
3284,0.02
3285,0.02
3286,0.02
3287,0.02
3288,0.02
3289,0.02
3290,0.02
3291,0.02
3292,0.02
3293,0.02
3294,0.02
3295,0.02
3296,0.02
3297,0.02
3298,0.02
3299,0.02
3300,0.02
3301,0.02
3302,0.02
3303,0.02
3304,0.02
3305,0.02
3306,0.02
3307,0.02
3308,0.02
3309,0.02
3310,0.02
3311,0.02
3312,0.02
3313,0.02
3314,0.02
3315,0.02
3316,0.02
3317,0.02
3318,0.02
3319,0.02
3320,0.02
3321,0.02
3322,0.02
3323,0.02
3324,0.02
3325,0.02
3326,0.02
3327,0.02
3328,0.02
3329,0.02
3330,0.02
3331,0.02
3332,0.02
3333,0.02
3334,0.02
3335,0.02
3336,0.02
3337,0.02
3338,0.02
3339,0.02
3340,0.02
3341,0.02
3342,0.02
3343,0.02
3344,0.02
3345,0.02
3346,0.02
3347,0.02
3348,0.02
3349,0.02
3350,0.02
3351,0.02
3352,0.02
3353,0.02
3354,0.02
3355,0.02
3356,0.02
3357,0.02
3358,0.02
3359,0.02
3360,0.02
3361,0.02
3362,0.02
3363,0.02
3364,0.02
3365,0.02
3366,0.02
3367,0.02
3368,0.02
3369,0.02
3370,0.02
3371,0.02
3372,0.02
3373,0.02
3374,0.02
3375,0.02
3376,0.02
3377,0.02
3378,0.02
3379,0.02
3380,0.02
3381,0.02
3382,0.02
3383,0.02
3384,0.02
3385,0.02
3386,0.02
3387,0.02
3388,0.02
3389,0.02
3390,0.02
3391,0.02
3392,0.02
3393,0.02
3394,0.02
3395,0.02
3396,0.02
3397,0.02
3398,0.02
3399,0.02
3400,0.02
3401,0.02
3402,0.02
3403,0.02
3404,0.02
3405,0.02
3406,0.02
3407,0.02
3408,0.02
3409,0.02
3410,0.02
3411,0.02
3412,0.02
3413,0.02
3414,0.02
3415,0.02
3416,0.02
3417,0.02
3418,0.02
3419,0.02
3420,0.02
3421,0.02
3422,0.02
3423,0.02
3424,0.02
3425,0.02
3426,0.02
3427,0.02
3428,0.02
3429,0.02
3430,0.02
3431,0.02
3432,0.02
3433,0.02
3434,0.02
3435,0.02
3436,0.02
3437,0.02
3438,0.02
3439,0.02
3440,0.02
3441,0.02
3442,0.02
3443,0.02
3444,0.02
3445,0.02
3446,0.02
3447,0.02
3448,0.02
3449,0.02
3450,0.02
3451,0.02
3452,0.02
3453,0.02
3454,0.02
3455,0.02
3456,0.02
3457,0.02
3458,0.02
3459,0.02
3460,0.02
3461,0.02
3462,0.02
3463,0.02
3464,0.02
3465,0.02
3466,0.02
3467,0.02
3468,0.02
3469,0.02
3470,0.02
3471,0.02
3472,0.02
3473,0.02
3474,0.02
3475,0.02
3476,0.02
3477,0.02
3478,0.02
3479,0.02
3480,0.02
3481,0.02
3482,0.02
3483,0.02
3484,0.02
3485,0.02
3486,0.02
3487,0.02
3488,0.02
3489,0.02
3490,0.02
3491,0.02
3492,0.02
3493,0.02
3494,0.02
3495,0.02
3496,0.02
3497,0.02
3498,0.02
3499,0.02
3500,0.02
3501,0.02
3502,0.02
3503,0.02
3504,0.02
3505,0.02
3506,0.02
3507,0.02
3508,0.02
3509,0.02
3510,0.02
3511,0.02
3512,0.02
3513,0.02
3514,0.02
3515,0.02
3516,0.02
3517,0.02
3518,0.02
3519,0.02
3520,0.02
3521,0.02
3522,0.02
3523,0.02
3524,0.02
3525,0.02
3526,0.02
3527,0.02
3528,0.02
3529,0.02
3530,0.02
3531,0.02
3532,0.02
3533,0.02
3534,0.02
3535,0.02
3536,0.02
3537,0.02
3538,0.02
3539,0.02
3540,0.02
3541,0.02
3542,0.02
3543,0.02
3544,0.02
3545,0.02
3546,0.02
3547,0.02
3548,0.02
3549,0.02
3550,0.02
3551,0.02
3552,0.02
3553,0.02
3554,0.02
3555,0.02
3556,0.02
3557,0.02
3558,0.02
3559,0.02
3560,0.02
3561,0.02
3562,0.02
3563,0.02
3564,0.02
3565,0.02
3566,0.02
3567,0.02
3568,0.02
3569,0.02
3570,0.02
3571,0.02
3572,0.02
3573,0.02
3574,0.02
3575,0.02
3576,0.02
3577,0.02
3578,0.02
3579,0.02
3580,0.02
3581,0.02
3582,0.02
3583,0.02
3584,0.02
3585,0.02
3586,0.02
3587,0.02
3588,0.02
3589,0.02
3590,0.02
3591,0.02
3592,0.02
3593,0.02
3594,0.02
3595,0.02
3596,0.02
3597,0.02
3598,0.02
3599,0.02
3600,0.02
3601,0.02
3602,0.02
3603,0.02
3604,0.02
3605,0.02
3606,0.02
3607,0.02
3608,0.02
3609,0.02
3610,0.02
3611,0.02
3612,0.02
3613,0.02
3614,0.02
3615,0.02
3616,0.02
3617,0.02
3618,0.02
3619,0.02
3620,0.02
3621,0.02
3622,0.02
3623,0.02
3624,0.02
3625,0.02
3626,0.02
3627,0.02
3628,0.02
3629,0.02
3630,0.02
3631,0.02
3632,0.02
3633,0.02
3634,0.02
3635,0.02
3636,0.02
3637,0.02
3638,0.02
3639,0.02
3640,0.02
3641,0.02
3642,0.02
3643,0.02
3644,0.02
3645,0.02
3646,0.02
3647,0.02
3648,0.02
3649,0.02
3650,0.02
3651,0.02
3652,0.02
3653,0.02
3654,0.02
3655,0.02
3656,0.02
3657,0.02
3658,0.02
3659,0.02
3660,0.02
3661,0.02
3662,0.02
3663,0.02
3664,0.02
3665,0.02
3666,0.02
3667,0.02
3668,0.02
3669,0.02
3670,0.02
3671,0.02
3672,0.02
3673,0.02
3674,0.02
3675,0.02
3676,0.02
3677,0.02
3678,0.02
3679,0.02
3680,0.02
3681,0.02
3682,0.02
3683,0.02
3684,0.02
3685,0.02
3686,0.02
3687,0.02
3688,0.02
3689,0.02
3690,0.02
3691,0.02
3692,0.02
3693,0.02
3694,0.02
3695,0.02
3696,0.02
3697,0.02
3698,0.02
3699,0.02
3700,0.02
3701,0.02
3702,0.02
3703,0.02
3704,0.02
3705,0.02
3706,0.02
3707,0.02
3708,0.02
3709,0.02
3710,0.02
3711,0.02
3712,0.02
3713,0.02
3714,0.02
3715,0.02
3716,0.02
3717,0.02
3718,0.02
3719,0.02
3720,0.02
3721,0.02
3722,0.02
3723,0.02
3724,0.02
3725,0.02
3726,0.02
3727,0.02
3728,0.02
3729,0.02
3730,0.02
3731,0.02
3732,0.02
3733,0.02
3734,0.02
3735,0.02
3736,0.02
3737,0.02
3738,0.02
3739,0.02
3740,0.02
3741,0.02
3742,0.02
3743,0.02
3744,0.02
3745,0.02
3746,0.02
3747,0.02
3748,0.02
3749,0.02
3750,0.02
3751,0.02
3752,0.02
3753,0.02
3754,0.02
3755,0.02
3756,0.02
3757,0.02
3758,0.02
3759,0.02
3760,0.02
3761,0.02
3762,0.02
3763,0.02
3764,0.02
3765,0.02
3766,0.02
3767,0.02
3768,0.02
3769,0.02
3770,0.02
3771,0.02
3772,0.02
3773,0.02
3774,0.02
3775,0.02
3776,0.02
3777,0.02
3778,0.02
3779,0.02
3780,0.02
3781,0.02
3782,0.02
3783,0.02
3784,0.02
3785,0.02
3786,0.02
3787,0.02
3788,0.02
3789,0.02
3790,0.02
3791,0.02
3792,0.02
3793,0.02
3794,0.02
3795,0.02
3796,0.02
3797,0.02
3798,0.02
3799,0.02
3800,0.02
3801,0.02
3802,0.02
3803,0.02
3804,0.02
3805,0.02
3806,0.02
3807,0.02
3808,0.02
3809,0.02
3810,0.02
3811,0.02
3812,0.02
3813,0.02
3814,0.02
3815,0.02
3816,0.02
3817,0.02
3818,0.02
3819,0.02
3820,0.02
3821,0.02
3822,0.02
3823,0.02
3824,0.02
3825,0.02
3826,0.02
3827,0.02
3828,0.02
3829,0.02
3830,0.02
3831,0.02
3832,0.02
3833,0.02
3834,0.02
3835,0.02
3836,0.02
3837,0.02
3838,0.02
3839,0.02
3840,0.02
3841,0.02
3842,0.02
3843,0.02
3844,0.02
3845,0.02
3846,0.02
3847,0.02
3848,0.02
3849,0.02
3850,0.02
3851,0.02
3852,0.02
3853,0.02
3854,0.02
3855,0.02
3856,0.02
3857,0.02
3858,0.02
3859,0.02
3860,0.02
3861,0.02
3862,0.02
3863,0.02
3864,0.02
3865,0.02
3866,0.02
3867,0.02
3868,0.02
3869,0.02
3870,0.02
3871,0.02
3872,0.02
3873,0.02
3874,0.02
3875,0.02
3876,0.02
3877,0.02
3878,0.02
3879,0.02
3880,0.02
3881,0.02
3882,0.02
3883,0.02
3884,0.02
3885,0.02
3886,0.02
3887,0.02
3888,0.02
3889,0.02
3890,0.02
3891,0.02
3892,0.02
3893,0.02
3894,0.02
3895,0.02
3896,0.02
3897,0.02
3898,0.02
3899,0.02
3900,0.02
3901,0.02
3902,0.02
3903,0.02
3904,0.02
3905,0.02
3906,0.02
3907,0.02
3908,0.02
3909,0.02
3910,0.02
3911,0.02
3912,0.02
3913,0.02
3914,0.02
3915,0.02
3916,0.02
3917,0.02
3918,0.02
3919,0.02
3920,0.02
3921,0.02
3922,0.02
3923,0.02
3924,0.02
3925,0.02
3926,0.02
3927,0.02
3928,0.02
3929,0.02
3930,0.02
3931,0.02
3932,0.02
3933,0.02
3934,0.02
3935,0.02
3936,0.02
3937,0.02
3938,0.02
3939,0.02
3940,0.02
3941,0.02
3942,0.02
3943,0.02
3944,0.02
3945,0.02
3946,0.02
3947,0.02
3948,0.02
3949,0.02
3950,0.02
3951,0.02
3952,0.02
3953,0.02
3954,0.02
3955,0.02
3956,0.02
3957,0.02
3958,0.02
3959,0.02
3960,0.02
3961,0.02
3962,0.02
3963,0.02
3964,0.02
3965,0.02
3966,0.02
3967,0.02
3968,0.02
3969,0.02
3970,0.02
3971,0.02
3972,0.02
3973,0.02
3974,0.02
3975,0.02
3976,0.02
3977,0.02
3978,0.02
3979,0.02
3980,0.02
3981,0.02
3982,0.02
3983,0.02
3984,0.02
3985,0.02
3986,0.02
3987,0.02
3988,0.02
3989,0.02
3990,0.02
3991,0.02
3992,0.02
3993,0.02
3994,0.02
3995,0.02
3996,0.02
3997,0.02
3998,0.02
3999,0.02
4000,0.02
4001,0.02
4002,0.02
4003,0.02
4004,0.02
4005,0.02
4006,0.02
4007,0.02
4008,0.02
4009,0.02
4010,0.02
4011,0.02
4012,0.02
4013,0.02
4014,0.02
4015,0.02
4016,0.02
4017,0.02
4018,0.02
4019,0.02
4020,0.02
4021,0.02
4022,0.02
4023,0.02
4024,0.02
4025,0.02
4026,0.02
4027,0.02
4028,0.02
4029,0.02
4030,0.02
4031,0.02
4032,0.02
4033,0.02
4034,0.02
4035,0.02
4036,0.02
4037,0.02
4038,0.02
4039,0.02
4040,0.02
4041,0.02
4042,0.02
4043,0.02
4044,0.02
4045,0.02
4046,0.02
4047,0.02
4048,0.02
4049,0.02
4050,0.02
4051,0.02
4052,0.02
4053,0.02
4054,0.02
4055,0.02
4056,0.02
4057,0.02
4058,0.02
4059,0.02
4060,0.02
4061,0.02
4062,0.02
4063,0.02
4064,0.02
4065,0.02
4066,0.02
4067,0.02
4068,0.02
4069,0.02
4070,0.02
4071,0.02
4072,0.02
4073,0.02
4074,0.02
4075,0.02
4076,0.02
4077,0.02
4078,0.02
4079,0.02
4080,0.02
4081,0.02
4082,0.02
4083,0.02
4084,0.02
4085,0.02
4086,0.02
4087,0.02
4088,0.02
4089,0.02
4090,0.02
4091,0.02
4092,0.02
4093,0.02
4094,0.02
4095,0.02
4096,0.02
4097,0.02
4098,0.02
4099,0.02
4100,0.02
4101,0.02
4102,0.02
4103,0.02
4104,0.02
4105,0.02
4106,0.02
4107,0.02
4108,0.02
4109,0.02
4110,0.02
4111,0.02
4112,0.02
4113,0.02
4114,0.02
4115,0.02
4116,0.02
4117,0.02
4118,0.02
4119,0.02
4120,0.02
4121,0.02
4122,0.02
4123,0.02
4124,0.02
4125,0.02
4126,0.02
4127,0.02
4128,0.02
4129,0.02
4130,0.02
4131,0.02
4132,0.02
4133,0.02
4134,0.02
4135,0.02
4136,0.02
4137,0.02
4138,0.02
4139,0.02
4140,0.02
4141,0.02
4142,0.02
4143,0.02
4144,0.02
4145,0.02
4146,0.02
4147,0.02
4148,0.02
4149,0.02
4150,0.02
4151,0.02
4152,0.02
4153,0.02
4154,0.02
4155,0.02
4156,0.02
4157,0.02
4158,0.02
4159,0.02
4160,0.02
4161,0.02
4162,0.02
4163,0.02
4164,0.02
4165,0.02
4166,0.02
4167,0.02
4168,0.02
4169,0.02
4170,0.02
4171,0.02
4172,0.02
4173,0.02
4174,0.02
4175,0.02
4176,0.02
4177,0.02
4178,0.02
4179,0.02
4180,0.02
4181,0.02
4182,0.02
4183,0.02
4184,0.02
4185,0.02
4186,0.02
4187,0.02
4188,0.02
4189,0.02
4190,0.02
4191,0.02
4192,0.02
4193,0.02
4194,0.02
4195,0.02
4196,0.02
4197,0.02
4198,0.02
4199,0.02
4200,0.02
4201,0.02
4202,0.02
4203,0.02
4204,0.02
4205,0.02
4206,0.02
4207,0.02
4208,0.02
4209,0.02
4210,0.02
4211,0.02
4212,0.02
4213,0.02
4214,0.02
4215,0.02
4216,0.02
4217,0.02
4218,0.02
4219,0.02
4220,0.02
4221,0.02
4222,0.02
4223,0.02
4224,0.02
4225,0.02
4226,0.02
4227,0.02
4228,0.02
4229,0.02
4230,0.02
4231,0.02
4232,0.02
4233,0.02
4234,0.02
4235,0.02
4236,0.02
4237,0.02
4238,0.02
4239,0.02
4240,0.02
4241,0.02
4242,0.02
4243,0.02
4244,0.02
4245,0.02
4246,0.02
4247,0.02
4248,0.02
4249,0.02
4250,0.02
4251,0.02
4252,0.02
4253,0.02
4254,0.02
4255,0.02
4256,0.02
4257,0.02
4258,0.02
4259,0.02
4260,0.02
4261,0.02
4262,0.02
4263,0.02
4264,0.02
4265,0.02
4266,0.02
4267,0.02
4268,0.02
4269,0.02
4270,0.02
4271,0.02
4272,0.02
4273,0.02
4274,0.02
4275,0.02
4276,0.02
4277,0.02
4278,0.02
4279,0.02
4280,0.02
4281,0.02
4282,0.02
4283,0.02
4284,0.02
4285,0.02
4286,0.02
4287,0.02
4288,0.02
4289,0.02
4290,0.02
4291,0.02
4292,0.02
4293,0.02
4294,0.02
4295,0.02
4296,0.02
4297,0.02
4298,0.02
4299,0.02
4300,0.02
4301,0.02
4302,0.02
4303,0.02
4304,0.02
4305,0.02
4306,0.02
4307,0.02
4308,0.02
4309,0.02
4310,0.02
4311,0.02
4312,0.02
4313,0.02
4314,0.02
4315,0.02
4316,0.02
4317,0.02
4318,0.02
4319,0.02
4320,0.02
4321,0.02
4322,0.02
4323,0.02
4324,0.02
4325,0.02
4326,0.02
4327,0.02
4328,0.02
4329,0.02
4330,0.02
4331,0.02
4332,0.02
4333,0.02
4334,0.02
4335,0.02
4336,0.02
4337,0.02
4338,0.02
4339,0.02
4340,0.02
4341,0.02
4342,0.02
4343,0.02
4344,0.02
4345,0.02
4346,0.02
4347,0.02
4348,0.02
4349,0.02
4350,0.02
4351,0.02
4352,0.02
4353,0.02
4354,0.02
4355,0.02
4356,0.02
4357,0.02
4358,0.02
4359,0.02
4360,0.02
4361,0.02
4362,0.02
4363,0.02
4364,0.02
4365,0.02
4366,0.02
4367,0.02
4368,0.02
4369,0.02
4370,0.02
4371,0.02
4372,0.02
4373,0.02
4374,0.02
4375,0.02
4376,0.02
4377,0.02
4378,0.02
4379,0.02
4380,0.02
4381,0.02
4382,0.02
4383,0.02
4384,0.02
4385,0.02
4386,0.02
4387,0.02
4388,0.02
4389,0.02
4390,0.02
4391,0.02
4392,0.02
4393,0.02
4394,0.02
4395,0.02
4396,0.02
4397,0.02
4398,0.02
4399,0.02
4400,0.02
4401,0.02
4402,0.02
4403,0.02
4404,0.02
4405,0.02
4406,0.02
4407,0.02
4408,0.02
4409,0.02
4410,0.02
4411,0.02
4412,0.02
4413,0.02
4414,0.02
4415,0.02
4416,0.02
4417,0.02
4418,0.02
4419,0.02
4420,0.02
4421,0.02
4422,0.02
4423,0.02
4424,0.02
4425,0.02
4426,0.02
4427,0.02
4428,0.02
4429,0.02
4430,0.02
4431,0.02
4432,0.02
4433,0.02
4434,0.02
4435,0.02
4436,0.02
4437,0.02
4438,0.02
4439,0.02
4440,0.02
4441,0.02
4442,0.02
4443,0.02
4444,0.02
4445,0.02
4446,0.02
4447,0.02
4448,0.02
4449,0.02
4450,0.02
4451,0.02
4452,0.02
4453,0.02
4454,0.02
4455,0.02
4456,0.02
4457,0.02
4458,0.02
4459,0.02
4460,0.02
4461,0.02
4462,0.02
4463,0.02
4464,0.02
4465,0.02
4466,0.02
4467,0.02
4468,0.02
4469,0.02
4470,0.02
4471,0.02
4472,0.02
4473,0.02
4474,0.02
4475,0.02
4476,0.02
4477,0.02
4478,0.02
4479,0.02
4480,0.02
4481,0.02
4482,0.02
4483,0.02
4484,0.02
4485,0.02
4486,0.02
4487,0.02
4488,0.02
4489,0.02
4490,0.02
4491,0.02
4492,0.02
4493,0.02
4494,0.02
4495,0.02
4496,0.02
4497,0.02
4498,0.02
4499,0.02
4500,0.02
4501,0.02
4502,0.02
4503,0.02
4504,0.02
4505,0.02
4506,0.02
4507,0.02
4508,0.02
4509,0.02
4510,0.02
4511,0.02
4512,0.02
4513,0.02
4514,0.02
4515,0.02
4516,0.02
4517,0.02
4518,0.02
4519,0.02
4520,0.02
4521,0.02
4522,0.02
4523,0.02
4524,0.02
4525,0.02
4526,0.02
4527,0.02
4528,0.02
4529,0.02
4530,0.02
4531,0.02
4532,0.02
4533,0.02
4534,0.02
4535,0.02
4536,0.02
4537,0.02
4538,0.02
4539,0.02
4540,0.02
4541,0.02
4542,0.02
4543,0.02
4544,0.02
4545,0.02
4546,0.02
4547,0.02
4548,0.02
4549,0.02
4550,0.02
4551,0.02
4552,0.02
4553,0.02
4554,0.02
4555,0.02
4556,0.02
4557,0.02
4558,0.02
4559,0.02
4560,0.02
4561,0.02
4562,0.02
4563,0.02
4564,0.02
4565,0.02
4566,0.02
4567,0.02
4568,0.02
4569,0.02
4570,0.02
4571,0.02
4572,0.02
4573,0.02
4574,0.02
4575,0.02
4576,0.02
4577,0.02
4578,0.02
4579,0.02
4580,0.02
4581,0.02
4582,0.02
4583,0.02
4584,0.02
4585,0.02
4586,0.02
4587,0.02
4588,0.02
4589,0.02
4590,0.02
4591,0.02
4592,0.02
4593,0.02
4594,0.02
4595,0.02
4596,0.02
4597,0.02
4598,0.02
4599,0.02
4600,0.02
4601,0.02
4602,0.02
4603,0.02
4604,0.02
4605,0.02
4606,0.02
4607,0.02
4608,0.02
4609,0.02
4610,0.02
4611,0.02
4612,0.02
4613,0.02
4614,0.02
4615,0.02
4616,0.02
4617,0.02
4618,0.02
4619,0.02
4620,0.02
4621,0.02
4622,0.02
4623,0.02
4624,0.02
4625,0.02
4626,0.02
4627,0.02
4628,0.02
4629,0.02
4630,0.02
4631,0.02
4632,0.02
4633,0.02
4634,0.02
4635,0.02
4636,0.02
4637,0.02
4638,0.02
4639,0.02
4640,0.02
4641,0.02
4642,0.02
4643,0.02
4644,0.02
4645,0.02
4646,0.02
4647,0.02
4648,0.02
4649,0.02
4650,0.02
4651,0.02
4652,0.02
4653,0.02
4654,0.02
4655,0.02
4656,0.02
4657,0.02
4658,0.02
4659,0.02
4660,0.02
4661,0.02
4662,0.02
4663,0.02
4664,0.02
4665,0.02
4666,0.02
4667,0.02
4668,0.02
4669,0.02
4670,0.02
4671,0.02
4672,0.02
4673,0.02
4674,0.02
4675,0.02
4676,0.02
4677,0.02
4678,0.02
4679,0.02
4680,0.02
4681,0.02
4682,0.02
4683,0.02
4684,0.02
4685,0.02
4686,0.02
4687,0.02
4688,0.02
4689,0.02
4690,0.02
4691,0.02
4692,0.02
4693,0.02
4694,0.02
4695,0.02
4696,0.02
4697,0.02
4698,0.02
4699,0.02
4700,0.02
4701,0.02
4702,0.02
4703,0.02
4704,0.02
4705,0.02
4706,0.02
4707,0.02
4708,0.02
4709,0.02
4710,0.02
4711,0.02
4712,0.02
4713,0.02
4714,0.02
4715,0.02
4716,0.02
4717,0.02
4718,0.02
4719,0.02
4720,0.02
4721,0.02
4722,0.02
4723,0.02
4724,0.02
4725,0.02
4726,0.02
4727,0.02
4728,0.02
4729,0.02
4730,0.02
4731,0.02
4732,0.02
4733,0.02
4734,0.02
4735,0.02
4736,0.02
4737,0.02
4738,0.02
4739,0.02
4740,0.02
4741,0.02
4742,0.02
4743,0.02
4744,0.02
4745,0.02
4746,0.02
4747,0.02
4748,0.02
4749,0.02
4750,0.02
4751,0.02
4752,0.02
4753,0.02
4754,0.02
4755,0.02
4756,0.02
4757,0.02
4758,0.02
4759,0.02
4760,0.02
4761,0.02
4762,0.02
4763,0.02
4764,0.02
4765,0.02
4766,0.02
4767,0.02
4768,0.02
4769,0.02
4770,0.02
4771,0.02
4772,0.02
4773,0.02
4774,0.02
4775,0.02
4776,0.02
4777,0.02
4778,0.02
4779,0.02
4780,0.02
4781,0.02
4782,0.02
4783,0.02
4784,0.02
4785,0.02
4786,0.02
4787,0.02
4788,0.02
4789,0.02
4790,0.02
4791,0.02
4792,0.02
4793,0.02
4794,0.02
4795,0.02
4796,0.02
4797,0.02
4798,0.02
4799,0.02
4800,0.02
4801,0.02
4802,0.02
4803,0.02
4804,0.02
4805,0.02
4806,0.02
4807,0.02
4808,0.02
4809,0.02
4810,0.02
4811,0.02
4812,0.02
4813,0.02
4814,0.02
4815,0.02
4816,0.02
4817,0.02
4818,0.02
4819,0.02
4820,0.02
4821,0.02
4822,0.02
4823,0.02
4824,0.02
4825,0.02
4826,0.02
4827,0.02
4828,0.02
4829,0.02
4830,0.02
4831,0.02
4832,0.02
4833,0.02
4834,0.02
4835,0.02
4836,0.02
4837,0.02
4838,0.02
4839,0.02
4840,0.02
4841,0.02
4842,0.02
4843,0.02
4844,0.02
4845,0.02
4846,0.02
4847,0.02
4848,0.02
4849,0.02
4850,0.02
4851,0.02
4852,0.02
4853,0.02
4854,0.02
4855,0.02
4856,0.02
4857,0.02
4858,0.02
4859,0.02
4860,0.02
4861,0.02
4862,0.02
4863,0.02
4864,0.02
4865,0.02
4866,0.02
4867,0.02
4868,0.02
4869,0.02
4870,0.02
4871,0.02
4872,0.02
4873,0.02
4874,0.02
4875,0.02
4876,0.02
4877,0.02
4878,0.02
4879,0.02
4880,0.02
4881,0.02
4882,0.02
4883,0.02
4884,0.02
4885,0.02
4886,0.02
4887,0.02
4888,0.02
4889,0.02
4890,0.02
4891,0.02
4892,0.02
4893,0.02
4894,0.02
4895,0.02
4896,0.02
4897,0.02
4898,0.02
4899,0.02
4900,0.02
4901,0.02
4902,0.02
4903,0.02
4904,0.02
4905,0.02
4906,0.02
4907,0.02
4908,0.02
4909,0.02
4910,0.02
4911,0.02
4912,0.02
4913,0.02
4914,0.02
4915,0.02
4916,0.02
4917,0.02
4918,0.02
4919,0.02
4920,0.02
4921,0.02
4922,0.02
4923,0.02
4924,0.02
4925,0.02
4926,0.02
4927,0.02
4928,0.02
4929,0.02
4930,0.02
4931,0.02
4932,0.02
4933,0.02
4934,0.02
4935,0.02
4936,0.02
4937,0.02
4938,0.02
4939,0.02
4940,0.02
4941,0.02
4942,0.02
4943,0.02
4944,0.02
4945,0.02
4946,0.02
4947,0.02
4948,0.02
4949,0.02
4950,0.02
4951,0.02
4952,0.02
4953,0.02
4954,0.02
4955,0.02
4956,0.02
4957,0.02
4958,0.02
4959,0.02
4960,0.02
4961,0.02
4962,0.02
4963,0.02
4964,0.02
4965,0.02
4966,0.02
4967,0.02
4968,0.02
4969,0.02
4970,0.02
4971,0.02
4972,0.02
4973,0.02
4974,0.02
4975,0.02
4976,0.02
4977,0.02
4978,0.02
4979,0.02
4980,0.02
4981,0.02
4982,0.02
4983,0.02
4984,0.02
4985,0.02
4986,0.02
4987,0.02
4988,0.02
4989,0.02
4990,0.02
4991,0.02
4992,0.02
4993,0.02
4994,0.02
4995,0.02
4996,0.02
4997,0.02
4998,0.02
4999,0.02
5000,0.02
5001,0.02
5002,0.02
5003,0.02
5004,0.02
5005,0.02
5006,0.02
5007,0.02
5008,0.02
5009,0.02
5010,0.02
5011,0.02
5012,0.02
5013,0.02
5014,0.02
5015,0.02
5016,0.02
